country,country_code,new_cases_confirmed,total_cases_confirmed,new_deaths,total_deaths,new_recovered,total_recovered,date
ALA Aland Islands,AX,0,0,0,0,0,0,2020-04-11
Afghanistan,AF,37,521,0,15,0,32,2020-04-11
Albania,AL,7,416,0,23,17,182,2020-04-11
Algeria,DZ,95,1761,21,256,58,405,2020-04-11
American Samoa,AS,0,0,0,0,0,0,2020-04-11
Andorra,AD,18,601,1,26,13,71,2020-04-11
Angola,AO,0,19,0,2,0,2,2020-04-11
Anguilla,AI,0,0,0,0,0,0,2020-04-11
Antarctica,AQ,0,0,0,0,0,0,2020-04-11
Antigua and Barbuda,AG,0,19,0,2,0,0,2020-04-11
Argentina,AR,180,1975,10,82,10,375,2020-04-11
Armenia,AM,16,937,2,12,11,149,2020-04-11
Aruba,AW,0,0,0,0,0,0,2020-04-11
Australia,AU,107,6215,3,54,321,1793,2020-04-11
Austria,AT,311,13555,24,319,824,6064,2020-04-11
Azerbaijan,AZ,65,991,1,10,58,159,2020-04-11
Bahamas,BS,1,42,0,8,0,5,2020-04-11
Bahrain,BH,38,925,1,6,20,539,2020-04-11
Bangladesh,BD,94,424,6,27,0,33,2020-04-11
Barbados,BB,1,67,1,4,0,11,2020-04-11
Belarus,BY,495,1981,3,19,30,169,2020-04-11
Belgium,BE,1684,26667,496,3019,404,5568,2020-04-11
Belize,BZ,1,10,1,2,0,0,2020-04-11
Benin,BJ,9,35,0,1,0,5,2020-04-11
Bermuda,BM,0,0,0,0,0,0,2020-04-11
Bhutan,BT,0,5,0,0,0,2,2020-04-11
Bolivia,BO,4,268,1,19,0,2,2020-04-11
Bosnia and Herzegovina,BA,43,901,1,36,28,129,2020-04-11
Botswana,BW,0,13,0,1,0,0,2020-04-11
Bouvet Island,BV,0,0,0,0,0,0,2020-04-11
Brazil,BR,1546,19638,107,1057,0,173,2020-04-11
British Indian Ocean Territory,IO,0,0,0,0,0,0,2020-04-11
British Virgin Islands,VG,0,0,0,0,0,0,2020-04-11
Brunei Darussalam,BN,1,136,0,1,7,99,2020-04-11
Bulgaria,BG,17,635,1,25,6,54,2020-04-11
Burkina Faso,BF,0,443,0,24,0,146,2020-04-11
Burundi,BI,0,3,0,0,0,0,2020-04-11
Cambodia,KH,0,119,0,0,10,72,2020-04-11
Cameroon,CM,90,820,2,12,38,98,2020-04-11
Canada,CA,1405,22059,54,556,693,5855,2020-04-11
Cape Verde,CV,0,7,0,1,0,1,2020-04-11
Cayman Islands,KY,0,0,0,0,0,0,2020-04-11
Central African Republic,CF,0,8,0,0,0,0,2020-04-11
Chad,TD,0,11,0,0,0,2,2020-04-11
Chile,CL,529,6501,8,65,297,1571,2020-04-11
China,CN,58,82941,1,3340,112,77791,2020-04-11
Christmas Island,CX,0,0,0,0,0,0,2020-04-11
Cocos (Keeling) Islands,CC,0,0,0,0,0,0,2020-04-11
Colombia,CO,250,2473,11,80,23,197,2020-04-11
Comoros,KM,0,0,0,0,0,0,2020-04-11
Congo (Brazzaville),CG,0,60,0,5,0,5,2020-04-11
Congo (Kinshasa),CD,35,215,2,20,4,13,2020-04-11
Cook Islands,CK,0,0,0,0,0,0,2020-04-11
Costa Rica,CR,19,558,0,3,12,42,2020-04-11
Croatia,HR,88,1495,1,21,12,231,2020-04-11
Cuba,CU,49,564,0,15,23,51,2020-04-11
Cyprus,CY,31,595,0,10,5,58,2020-04-11
Czech Republic,CZ,163,5732,7,119,45,346,2020-04-11
Côte d'Ivoire,CI,0,444,0,3,0,52,2020-04-11
Denmark,DK,184,6014,10,247,46,1929,2020-04-11
Djibouti,DJ,15,150,1,1,11,36,2020-04-11
Dominica,DM,1,16,0,0,4,5,2020-04-11
Dominican Republic,DO,271,2620,8,126,18,98,2020-04-11
Ecuador,EC,2196,7161,25,297,29,368,2020-04-11
Egypt,EG,95,1794,17,135,36,384,2020-04-11
El Salvador,SV,14,117,0,6,1,15,2020-04-11
Equatorial Guinea,GQ,0,18,0,0,0,3,2020-04-11
Eritrea,ER,1,34,0,0,0,0,2020-04-11
Estonia,EE,51,1258,0,24,10,93,2020-04-11
Ethiopia,ET,9,65,1,3,0,4,2020-04-11
Falkland Islands (Malvinas),FK,0,0,0,0,0,0,2020-04-11
Faroe Islands,FO,0,0,0,0,0,0,2020-04-11
Fiji,FJ,1,16,0,0,0,0,2020-04-11
Finland,FI,164,2769,6,48,0,300,2020-04-11
France,FR,7150,125931,987,13215,1782,25195,2020-04-11
French Guiana,GF,0,0,0,0,0,0,2020-04-11
French Polynesia,PF,0,0,0,0,0,0,2020-04-11
French Southern Territories,TF,0,0,0,0,0,0,2020-04-11
Gabon,GA,0,44,0,1,0,1,2020-04-11
Gambia,GM,0,4,0,1,0,2,2020-04-11
Georgia,GE,16,234,0,3,3,54,2020-04-11
Germany,DE,3990,122171,160,2767,1506,53913,2020-04-11
Ghana,GH,0,378,0,6,1,4,2020-04-11
Gibraltar,GI,0,0,0,0,0,0,2020-04-11
Greece,GR,56,2011,5,92,0,269,2020-04-11
Greenland,GL,0,0,0,0,0,0,2020-04-11
Grenada,GD,2,14,0,0,0,0,2020-04-11
Guadeloupe,GP,0,0,0,0,0,0,2020-04-11
Guam,GU,0,0,0,0,0,0,2020-04-11
Guatemala,GT,31,126,0,3,0,17,2020-04-11
Guernsey,GG,0,0,0,0,0,0,2020-04-11
Guinea,GN,18,212,0,0,4,15,2020-04-11
Guinea-Bissau,GW,0,36,0,0,0,0,2020-04-11
Guyana,GY,0,37,0,6,0,8,2020-04-11
Haiti,HT,1,31,0,2,0,0,2020-04-11
Heard and Mcdonald Islands,HM,0,0,0,0,0,0,2020-04-11
Holy See (Vatican City State),VA,0,8,0,0,0,2,2020-04-11
Honduras,HN,39,382,0,23,1,7,2020-04-11
"Hong Kong, SAR China",HK,0,0,0,0,0,0,2020-04-11
Hungary,HU,210,1190,11,77,16,112,2020-04-11
Iceland,IS,27,1675,1,7,63,751,2020-04-11
India,IN,873,7598,20,246,154,774,2020-04-11
Indonesia,ID,219,3512,26,306,30,282,2020-04-11
"Iran, Islamic Republic of",IR,1972,68192,122,4232,3156,35465,2020-04-11
Iraq,IQ,47,1279,1,70,54,550,2020-04-11
Ireland,IE,1515,8089,24,287,0,25,2020-04-11
Isle of Man,IM,0,0,0,0,0,0,2020-04-11
Israel,IL,440,10408,9,95,172,1183,2020-04-11
Italy,IT,3951,147577,570,18849,1985,30455,2020-04-11
Jamaica,JM,0,63,0,4,1,13,2020-04-11
Japan,JP,863,5530,5,99,53,685,2020-04-11
Jersey,JE,0,0,0,0,0,0,2020-04-11
Jordan,JO,0,372,0,7,9,170,2020-04-11
Kazakhstan,KZ,31,812,2,10,4,64,2020-04-11
Kenya,KE,5,189,0,7,10,22,2020-04-11
Kiribati,KI,0,0,0,0,0,0,2020-04-11
Korea (North),KP,0,0,0,0,0,0,2020-04-11
Korea (South),KR,27,10450,4,208,144,7117,2020-04-11
Kuwait,KW,83,993,0,1,12,123,2020-04-11
Kyrgyzstan,KG,18,298,1,5,0,35,2020-04-11
Lao PDR,LA,0,16,0,0,0,0,2020-04-11
Latvia,LV,23,612,0,3,0,16,2020-04-11
Lebanon,LB,27,609,1,20,9,76,2020-04-11
Lesotho,LS,0,0,0,0,0,0,2020-04-11
Liberia,LR,6,37,1,5,0,3,2020-04-11
Libya,LY,0,24,0,1,0,8,2020-04-11
Liechtenstein,LI,1,79,0,1,0,55,2020-04-11
Lithuania,LT,44,999,6,22,46,54,2020-04-11
Luxembourg,LU,108,3223,2,54,0,500,2020-04-11
"Macao, SAR China",MO,0,0,0,0,0,0,2020-04-11
"Macedonia, Republic of",MK,48,711,2,32,4,41,2020-04-11
Madagascar,MG,0,93,0,0,0,11,2020-04-11
Malawi,MW,1,9,0,1,0,0,2020-04-11
Malaysia,MY,118,4346,3,70,222,1830,2020-04-11
Maldives,MV,0,19,0,0,0,13,2020-04-11
Mali,ML,13,87,0,7,0,22,2020-04-11
Malta,MT,13,350,0,2,0,16,2020-04-11
Marshall Islands,MH,0,0,0,0,0,0,2020-04-11
Martinique,MQ,0,0,0,0,0,0,2020-04-11
Mauritania,MR,0,7,0,1,0,2,2020-04-11
Mauritius,MU,4,318,2,9,0,23,2020-04-11
Mayotte,YT,0,0,0,0,0,0,2020-04-11
Mexico,MX,260,3441,20,194,0,633,2020-04-11
"Micronesia, Federated States of",FM,0,0,0,0,0,0,2020-04-11
Moldova,MD,149,1438,0,29,6,56,2020-04-11
Monaco,MC,6,90,0,1,0,5,2020-04-11
Mongolia,MN,0,16,0,0,0,4,2020-04-11
Montenegro,ME,3,255,0,2,0,4,2020-04-11
Montserrat,MS,0,0,0,0,0,0,2020-04-11
Morocco,MA,74,1448,10,107,13,122,2020-04-11
Mozambique,MZ,3,20,0,0,1,2,2020-04-11
Myanmar,MM,4,27,0,3,0,2,2020-04-11
Namibia,NA,0,16,0,0,0,3,2020-04-11
Nauru,NR,0,0,0,0,0,0,2020-04-11
Nepal,NP,0,9,0,0,0,1,2020-04-11
Netherlands,NL,1346,23249,117,2520,9,287,2020-04-11
Netherlands Antilles,AN,0,0,0,0,0,0,2020-04-11
New Caledonia,NC,0,0,0,0,0,0,2020-04-11
New Zealand,NZ,44,1283,1,2,56,373,2020-04-11
Nicaragua,NI,0,7,0,1,0,0,2020-04-11
Niger,NE,28,438,0,11,1,41,2020-04-11
Nigeria,NG,17,305,0,7,7,58,2020-04-11
Niue,NU,0,0,0,0,0,0,2020-04-11
Norfolk Island,NF,0,0,0,0,0,0,2020-04-11
Northern Mariana Islands,MP,0,0,0,0,0,0,2020-04-11
Norway,NO,103,6314,5,113,0,32,2020-04-11
Oman,OM,27,484,0,3,0,109,2020-04-11
Pakistan,PK,206,4695,1,66,155,727,2020-04-11
Palau,PW,0,0,0,0,0,0,2020-04-11
Palestinian Territory,PS,4,267,1,2,1,45,2020-04-11
Panama,PA,224,2752,3,66,0,16,2020-04-11
Papua New Guinea,PG,0,2,0,0,0,0,2020-04-11
Paraguay,PY,5,129,1,6,0,18,2020-04-11
Peru,PE,641,5897,31,169,131,1569,2020-04-11
Philippines,PH,119,4195,18,221,16,140,2020-04-11
Pitcairn,PN,0,0,0,0,0,0,2020-04-11
Poland,PL,380,5955,7,181,34,318,2020-04-11
Portugal,PT,1516,15472,26,435,28,233,2020-04-11
Puerto Rico,PR,0,0,0,0,0,0,2020-04-11
Qatar,QA,136,2512,0,6,21,227,2020-04-11
Republic of Kosovo,XK,66,250,2,7,22,52,2020-04-11
Romania,RO,265,5467,22,270,82,729,2020-04-11
Russian Federation,RU,1786,11917,18,94,97,795,2020-04-11
Rwanda,RW,8,118,0,0,0,7,2020-04-11
Réunion,RE,0,0,0,0,0,0,2020-04-11
Saint Helena,SH,0,0,0,0,0,0,2020-04-11
Saint Kitts and Nevis,KN,1,12,0,0,0,0,2020-04-11
Saint Lucia,LC,1,15,0,0,0,1,2020-04-11
Saint Pierre and Miquelon,PM,0,0,0,0,0,0,2020-04-11
Saint Vincent and Grenadines,VC,0,12,0,0,0,1,2020-04-11
Saint-Barthélemy,BL,0,0,0,0,0,0,2020-04-11
Saint-Martin (French part),MF,0,0,0,0,0,0,2020-04-11
Samoa,WS,0,0,0,0,0,0,2020-04-11
San Marino,SM,11,344,0,34,1,50,2020-04-11
Sao Tome and Principe,ST,0,4,0,0,0,0,2020-04-11
Saudi Arabia,SA,364,3651,3,47,19,685,2020-04-11
Senegal,SN,15,265,0,2,14,137,2020-04-11
Serbia,RS,238,3105,5,71,0,0,2020-04-11
Seychelles,SC,0,11,0,0,0,0,2020-04-11
Sierra Leone,SL,1,8,0,0,0,0,2020-04-11
Singapore,SG,198,2108,1,7,32,492,2020-04-11
Slovakia,SK,14,715,0,2,0,23,2020-04-11
Slovenia,SI,36,1160,2,45,9,137,2020-04-11
Solomon Islands,SB,0,0,0,0,0,0,2020-04-11
Somalia,SO,9,21,0,1,0,1,2020-04-11
South Africa,ZA,69,2003,6,24,315,410,2020-04-11
South Georgia and the South Sandwich Islands,GS,0,0,0,0,0,0,2020-04-11
South Sudan,SS,0,0,0,0,0,0,2020-04-11
Spain,ES,5051,158273,634,16081,3503,55668,2020-04-11
Sri Lanka,LK,0,190,0,7,5,54,2020-04-11
Sudan,SD,2,17,0,2,0,2,2020-04-11
Suriname,SR,0,10,0,1,0,4,2020-04-11
Svalbard and Jan Mayen Islands,SJ,0,0,0,0,0,0,2020-04-11
Swaziland,SZ,0,12,0,0,0,7,2020-04-11
Sweden,SE,544,9685,77,870,176,381,2020-04-11
Switzerland,CH,500,24551,54,1002,500,11100,2020-04-11
Syrian Arab Republic (Syria),SY,0,19,0,2,0,4,2020-04-11
"Taiwan, Republic of China",TW,2,382,1,6,24,91,2020-04-11
Tajikistan,TJ,0,0,0,0,0,0,2020-04-11
"Tanzania, United Republic of",TZ,7,32,2,3,0,5,2020-04-11
Thailand,TH,50,2473,1,33,73,1013,2020-04-11
Timor-Leste,TL,1,2,0,0,1,1,2020-04-11
Togo,TG,3,76,0,3,1,25,2020-04-11
Tokelau,TK,0,0,0,0,0,0,2020-04-11
Tonga,TO,0,0,0,0,0,0,2020-04-11
Trinidad and Tobago,TT,0,109,0,8,0,1,2020-04-11
Tunisia,TN,28,671,0,25,0,25,2020-04-11
Turkey,TR,4747,47029,98,1006,281,2423,2020-04-11
Turkmenistan,TM,0,0,0,0,0,0,2020-04-11
Turks and Caicos Islands,TC,0,0,0,0,0,0,2020-04-11
Tuvalu,TV,0,0,0,0,0,0,2020-04-11
US Minor Outlying Islands,UM,0,0,0,0,0,0,2020-04-11
Uganda,UG,0,53,0,0,0,0,2020-04-11
Ukraine,UA,311,2203,12,69,16,61,2020-04-11
United Arab Emirates,AE,370,3360,2,16,150,418,2020-04-11
United Kingdom,GB,8733,74605,981,8974,229,588,2020-04-11
United States of America,US,35098,496530,2104,18581,3380,28790,2020-04-11
Uruguay,UY,17,473,0,7,14,206,2020-04-11
Uzbekistan,UZ,42,624,0,3,4,42,2020-04-11
Vanuatu,VU,0,0,0,0,0,0,2020-04-11
Venezuela (Bolivarian Republic),VE,0,171,0,9,0,84,2020-04-11
Viet Nam,VN,2,257,0,0,16,144,2020-04-11
"Virgin Islands, US",VI,0,0,0,0,0,0,2020-04-11
Wallis and Futuna Islands,WF,0,0,0,0,0,0,2020-04-11
Western Sahara,EH,0,4,0,0,0,0,2020-04-11
Yemen,YE,0,0,0,0,0,0,2020-04-11
Zambia,ZM,1,40,1,2,1,25,2020-04-11
Zimbabwe,ZW,2,13,0,3,0,0,2020-04-11
